-- phpMyAdmin SQL Dump
-- version 4.8.3
-- https://www.phpmyadmin.net/
--
-- Host: 127.0.0.1
-- Generation Time: Mar 26, 2021 at 07:05 AM
-- Server version: 10.1.36-MariaDB
-- PHP Version: 7.2.11

SET SQL_MODE = "NO_AUTO_VALUE_ON_ZERO";
SET AUTOCOMMIT = 0;
START TRANSACTION;
SET time_zone = "+00:00";


/*!40101 SET @OLD_CHARACTER_SET_CLIENT=@@CHARACTER_SET_CLIENT */;
/*!40101 SET @OLD_CHARACTER_SET_RESULTS=@@CHARACTER_SET_RESULTS */;
/*!40101 SET @OLD_COLLATION_CONNECTION=@@COLLATION_CONNECTION */;
/*!40101 SET NAMES utf8mb4 */;

--
-- Database: `tokobuku`
--

-- --------------------------------------------------------

--
-- Table structure for table `admin`
--

CREATE TABLE `admin` (
  `id_admin` int(11) NOT NULL,
  `username` varchar(100) NOT NULL,
  `password` varchar(100) NOT NULL,
  `nama_lengkap` varchar(100) NOT NULL
) ENGINE=InnoDB DEFAULT CHARSET=latin1;

--
-- Dumping data for table `admin`
--

INSERT INTO `admin` (`id_admin`, `username`, `password`, `nama_lengkap`) VALUES
(2, 'irham@unpak.ac.id', '065117020', 'Irham Nurrahman');

-- --------------------------------------------------------

--
-- Table structure for table `kurir`
--

CREATE TABLE `kurir` (
  `id_kurir` int(50) NOT NULL,
  `nama_kurir` varchar(100) NOT NULL,
  `tarif` int(50) NOT NULL
) ENGINE=InnoDB DEFAULT CHARSET=latin1;

--
-- Dumping data for table `kurir`
--

INSERT INTO `kurir` (`id_kurir`, `nama_kurir`, `tarif`) VALUES
(1, 'J&T REG (2 Hari Kerja)', 9000),
(2, 'JNE REG (2 Hari Kerja)', 10000),
(3, 'JNE YES (1 Hari Kerja)', 24000),
(4, 'Grab Instan (Lokasi Diluar Service)', 20000),
(5, 'Grab Same Day (Lokasi Diluar Service)', 20000),
(6, 'Rush Delivery by Grab Express (Lokasi Diluar Service)', 20000),
(7, 'GO-SEND Same Day (Lokasi Diluar Service)', 20000),
(8, 'GO-SEND Instant', 20000);

-- --------------------------------------------------------

--
-- Table structure for table `pelanggan`
--

CREATE TABLE `pelanggan` (
  `id_pelanggan` int(11) NOT NULL,
  `gmail_pelanggan` varchar(100) NOT NULL,
  `password_pelanggan` varchar(50) NOT NULL,
  `nama_pelanggan` varchar(100) NOT NULL,
  `telepon_pelanggan` varchar(25) NOT NULL
) ENGINE=InnoDB DEFAULT CHARSET=latin1;

--
-- Dumping data for table `pelanggan`
--

INSERT INTO `pelanggan` (`id_pelanggan`, `gmail_pelanggan`, `password_pelanggan`, `nama_pelanggan`, `telepon_pelanggan`) VALUES
(1, 'nur@gmail.com', '123', 'nur', '081267856785'),
(2, 'rahman@gmail.com', '123', 'rahman', '081267575678'),
(3, 'irham@gmail.com', '123', 'Irham', '083819085582'),
(6, 'siti@gmail.com', '1234', 'siti', '086756786'),
(7, 'nining@gmail.com', '123', 'nining', '74141451');

-- --------------------------------------------------------

--
-- Table structure for table `pembayaran`
--

CREATE TABLE `pembayaran` (
  `id_pembayaran` int(11) NOT NULL,
  `id_pembelian` int(11) NOT NULL,
  `nama` varchar(255) NOT NULL,
  `bank` varchar(255) NOT NULL,
  `jumlah` int(11) NOT NULL,
  `tanggal` date NOT NULL,
  `bukti` varchar(255) NOT NULL
) ENGINE=InnoDB DEFAULT CHARSET=latin1;

--
-- Dumping data for table `pembayaran`
--

INSERT INTO `pembayaran` (`id_pembayaran`, `id_pembelian`, `nama`, `bank`, `jumlah`, `tanggal`, `bukti`) VALUES
(1, 3, 'Irham', 'Bank Kita', 49000, '2020-06-07', '20200607110951tb5alt.jpg'),
(2, 4, 'Nurrahman', 'Bank Kita', 149000, '2020-06-07', '20200607153312bukti-pembayaran-STAIM0002.jpg'),
(3, 6, 'siti', 'Bank Kita', 189000, '2020-06-09', '20200609205843111.jpg'),
(4, 7, 'siti', 'Bank Kita', 254000, '2020-06-10', '20200610000130111.jpg'),
(5, 8, 'nining', 'bank miun', 39000, '2020-09-10', '20200910052516kambing3(1)112458359.jpg');

-- --------------------------------------------------------

--
-- Table structure for table `pembelian`
--

CREATE TABLE `pembelian` (
  `id_pembelian` int(11) NOT NULL,
  `id_pelanggan` int(11) NOT NULL,
  `id_kurir` int(11) NOT NULL,
  `tanggal_pembelian` date NOT NULL,
  `total_pembelian` int(11) NOT NULL,
  `nama_kurir` varchar(100) NOT NULL,
  `tarif` int(11) NOT NULL,
  `alamat_pengiriman` text NOT NULL,
  `status_pembelian` varchar(100) NOT NULL DEFAULT 'Tertunda',
  `resi_pengiriman` varchar(50) NOT NULL
) ENGINE=InnoDB DEFAULT CHARSET=latin1;

--
-- Dumping data for table `pembelian`
--

INSERT INTO `pembelian` (`id_pembelian`, `id_pelanggan`, `id_kurir`, `tanggal_pembelian`, `total_pembelian`, `nama_kurir`, `tarif`, `alamat_pengiriman`, `status_pembelian`, `resi_pengiriman`) VALUES
(1, 1, 1, '2019-05-02', 169000, 'J&T REG (2 Hari Kerja)', 9000, 'a', 'Tertunda', ''),
(2, 1, 1, '2019-05-02', 169000, 'J&T REG (2 Hari Kerja)', 9000, 'lll', 'Tertunda', ''),
(3, 3, 2, '2020-06-06', 490000, 'JNE REG (2 Hari Kerja)', 10000, 'Bogor', 'Lunas (Barang Terkirim)', '77482745'),
(4, 3, 1, '2020-06-07', 149000, 'J&T REG (2 Hari Kerja)', 9000, 'Jl Atang Senjaya No. 48 Semplak Kaum Semplak Barat Kabupaten Bogor', 'Proses', ''),
(5, 3, 1, '2020-06-07', 54000, 'J&T REG (2 Hari Kerja)', 9000, 'bogor', 'Tertunda', ''),
(6, 4, 1, '2020-06-09', 189000, 'J&T REG (2 Hari Kerja)', 9000, 'Bogor 16410 Kemang Semplak Barat', 'Lunas (Barang Terkirim)', '7655267464'),
(7, 6, 1, '2020-06-10', 254000, 'J&T REG (2 Hari Kerja)', 9000, 'bogor rt 1/2', 'Lunas (Barang Terkirim)', '56464666'),
(8, 7, 1, '2020-09-10', 39000, 'J&T REG (2 Hari Kerja)', 9000, 'gugvygyguyuvuu', 'Lunas (Barang Terkirim)', '565755777');

-- --------------------------------------------------------

--
-- Table structure for table `pembelian_produk`
--

CREATE TABLE `pembelian_produk` (
  `id_pembelian_produk` int(11) NOT NULL,
  `id_pembelian` int(11) NOT NULL,
  `id_produk` int(11) NOT NULL,
  `jumlah_pembelian` int(11) NOT NULL
) ENGINE=InnoDB DEFAULT CHARSET=latin1;

--
-- Dumping data for table `pembelian_produk`
--

INSERT INTO `pembelian_produk` (`id_pembelian_produk`, `id_pembelian`, `id_produk`, `jumlah_pembelian`) VALUES
(1, 1, 1, 1),
(2, 2, 1, 1),
(3, 3, 1, 3),
(4, 4, 6, 1),
(5, 4, 4, 1),
(6, 5, 2, 1),
(7, 6, 10, 1),
(8, 6, 4, 1),
(9, 7, 4, 1),
(10, 7, 5, 1),
(11, 7, 2, 1),
(12, 8, 3, 1);

-- --------------------------------------------------------

--
-- Table structure for table `produk`
--

CREATE TABLE `produk` (
  `id_produk` int(11) NOT NULL,
  `nama_produk` varchar(100) NOT NULL,
  `harga_produk` int(11) NOT NULL,
  `berat_produk` int(11) NOT NULL,
  `foto_produk` varchar(100) NOT NULL,
  `deskripsi_produk` text NOT NULL,
  `resep_produk` varchar(100) NOT NULL,
  `stok_produk` int(5) NOT NULL
) ENGINE=InnoDB DEFAULT CHARSET=latin1;

--
-- Dumping data for table `produk`
--

INSERT INTO `produk` (`id_produk`, `nama_produk`, `harga_produk`, `berat_produk`, `foto_produk`, `deskripsi_produk`, `resep_produk`, `stok_produk`) VALUES
(2, 'Mary Higgins C : Daddy Little Girl', 45000, 150, 'tb1.jpg', '  Ketika Ellie Cavanaugh berusia delapan tahun, kakaknya, Andrea, tewas dibunuh di dekat rumah mereka di Oldham-on-the-Hudson, Ada tiga tersangka: Rob westerfield, pemuda tampan dari keluarga kaya setempat, yang diam-diam menjalin hubungan dengan Andrea; Paulie Stroebel, teman sekelas yang diam-diam mencintai Andrea; dan Will Nebels, pekerja serabutan yang suka menawarkan jasa kepada para tetangga', 'tb1alt.jpg', 0),
(3, 'Auguste Dupin : Detektif Prancis', 30000, 130, 'tb2.jpg', ' Mungkin banyak yang mengira bahwa Sherlock Holmes adalah pionir tokoh detektif fiksi di dunia literasi. Tapi tahukah bahwasanya jauh sebelum Sherlock Holmes muncul, ada tokoh lain yang lebih dulu memulai dan menyandang predikat gentlemen detective?. Yup, tokoh detektif fiksi pertama di dunia literasi yang mengguncang dunia sastra pada eranya adalah C Auguste Dupin. Tokoh detektif ini merupakan rekaan sang penulis puisi dan cerita misteri beraliran gore, gothic dan macabre sekaligus kritikus sastra terkenal pada eranya, Edgar Allan Poe.', 'tb2alt.jpg', 1),
(4, 'Harry Potter and the Half Blood Prince', 100000, 300, 'tb3.jpg', '  Khawatir dengan pengalaman pertemuannya dengan Voldemort di Kementerian Sihir, Harry Potter merasa enggan untuk kembali ke Hogwarts. Dumbledore mendorongnya untuk kembali, setelah mengajaknya untuk menemui seorang mantan guru Hogwarts, Horace Slughorn. Dengan bantuan Harry, ia berhasil membujuk Slughorn agar mau kembali mengajar di Hogwarts.', 'tb3alt.jpg', 2),
(5, 'The Hobbit : There and Back Again', 100000, 190, 'tb4.jpg', '  Kisah bermula ketika Bilbo baggins yang merupakan seorang hobbit yang ingin hidup nyaman, sejahtera di liang hobbitnya, dan hampir tidak pernah bepergian jauh dari rumahnya di shire. suatu hari Gandalf datang ke rumahnya dan mengajaknya untuk berpetualang, dan Bilbo dengan jelas menolaknya. hingga ketika Gandalf mengundang 13 Kurcaci untuk datang ke rumah Bilbo dan terjadilah sebuah pesta yang tak terduga.', 'tb4alt.jpg', 0),
(6, 'Andrea Hirata : Laskar Pelangi', 40000, 100, 'tb5.jpg', '  Laskar Pelangi Menceritakan tentang kisah masa kecil anak-anak desa dari suatu komunitas melayu yang bisa dikatakan sangat miskin di Belitung. Kisah orang-orang ‘kecil’ yang berusaha untuk memperbaiki masa depan mereka.', 'tb5alt.jpg', 1),
(7, 'Agatha Christie : The Pale House', 50000, 90, 'tb6.jpg', '  Seorang wanita memanggil pastor di saat sedang sekarat untuk menceritakan rahasia kelam yang harus ia tanggung semasa hidupnya, termasuk memberikan sederet daftar nama pada sang pastor. Sepulang dari tempat wanita itu, Pastor Gorman dibunuh, meski daftar nama tadi selamat dari incaran si pembunuh.', 'tb6alt.jpg', 1);

--
-- Indexes for dumped tables
--

--
-- Indexes for table `admin`
--
ALTER TABLE `admin`
  ADD PRIMARY KEY (`id_admin`);

--
-- Indexes for table `kurir`
--
ALTER TABLE `kurir`
  ADD PRIMARY KEY (`id_kurir`);

--
-- Indexes for table `pelanggan`
--
ALTER TABLE `pelanggan`
  ADD PRIMARY KEY (`id_pelanggan`);

--
-- Indexes for table `pembayaran`
--
ALTER TABLE `pembayaran`
  ADD PRIMARY KEY (`id_pembayaran`);

--
-- Indexes for table `pembelian`
--
ALTER TABLE `pembelian`
  ADD PRIMARY KEY (`id_pembelian`);

--
-- Indexes for table `pembelian_produk`
--
ALTER TABLE `pembelian_produk`
  ADD PRIMARY KEY (`id_pembelian_produk`);

--
-- Indexes for table `produk`
--
ALTER TABLE `produk`
  ADD PRIMARY KEY (`id_produk`);

--
-- AUTO_INCREMENT for dumped tables
--

--
-- AUTO_INCREMENT for table `admin`
--
ALTER TABLE `admin`
  MODIFY `id_admin` int(11) NOT NULL AUTO_INCREMENT, AUTO_INCREMENT=3;

--
-- AUTO_INCREMENT for table `kurir`
--
ALTER TABLE `kurir`
  MODIFY `id_kurir` int(50) NOT NULL AUTO_INCREMENT, AUTO_INCREMENT=9;

--
-- AUTO_INCREMENT for table `pelanggan`
--
ALTER TABLE `pelanggan`
  MODIFY `id_pelanggan` int(11) NOT NULL AUTO_INCREMENT, AUTO_INCREMENT=8;

--
-- AUTO_INCREMENT for table `pembayaran`
--
ALTER TABLE `pembayaran`
  MODIFY `id_pembayaran` int(11) NOT NULL AUTO_INCREMENT, AUTO_INCREMENT=6;

--
-- AUTO_INCREMENT for table `pembelian`
--
ALTER TABLE `pembelian`
  MODIFY `id_pembelian` int(11) NOT NULL AUTO_INCREMENT, AUTO_INCREMENT=9;

--
-- AUTO_INCREMENT for table `pembelian_produk`
--
ALTER TABLE `pembelian_produk`
  MODIFY `id_pembelian_produk` int(11) NOT NULL AUTO_INCREMENT, AUTO_INCREMENT=13;

--
-- AUTO_INCREMENT for table `produk`
--
ALTER TABLE `produk`
  MODIFY `id_produk` int(11) NOT NULL AUTO_INCREMENT, AUTO_INCREMENT=8;
COMMIT;

/*!40101 SET CHARACTER_SET_CLIENT=@OLD_CHARACTER_SET_CLIENT */;
/*!40101 SET CHARACTER_SET_RESULTS=@OLD_CHARACTER_SET_RESULTS */;
/*!40101 SET COLLATION_CONNECTION=@OLD_COLLATION_CONNECTION */;
